[
    {
        "id":1,
        "Name": "Dr. Sonia Michael MD",
        "Speciality":"Family practice physician",
        "Street":"8350 NW 52nd Terrace",
        "City":"Doral",
        "State":"FL",
        "Zipcode":33166,
        "Phone":3054636600,
        "lat": 25.819460,
        "lng": -80.332849
    },
    {
        "id":2,
        "Name": "Dr. Ernesto Cardenas, MD",
        "Speciality":"Obstetrician-gynecologist",
        "Street":"3785 NW 82nd Ave #307",
        "City":"Miami",
        "State":"FL",
        "Zipcode":33166,
        "Phone":7869537651,
        "lat": 25.808419,
        "lng": -80.328840
    },
    {
        "id":3,
        "Name": "Dr. Alejandro Badia, MD",
        "Speciality":"Orthopedic surgeon",
        "Street":"3650 NW 82nd Ave #103",
        "City":"Miami",
        "State":"FL",
        "Zipcode":33166,
        "Phone":3052274263,
        "lat": 25.808422,
        "lng": -80.330060
    },
    {
        "id":4,
        "Name": "Dr. Batista Edgar A MD",
        "Speciality":"Ophthalmologist",
        "Street":"7950 NW 53rd St #108",
        "City":"Miami",
        "State":"FL",
        "Zipcode":33166,
        "Phone":3054994200,
        "lat": 25.821498,
        "lng": -80.326220
    },
    {
        "id":5,
        "Name": "Dr. Ivan A. Delrio, MD",
        "Speciality":"Internist",
        "Street":"8350 NW 52nd Terrace",
        "City":"Doral",
        "State":"FL",
        "Zipcode":33166,
        "Phone":3054994200,
        "lat": 25.819460,
        "lng": -80.332849
    },
    {
        "id":6,
        "Name": "Dr. Tarik M. Husain, MD",
        "Speciality":"Surgeon",
        "Street":"Golden Medical Office Building, 4308 Alton Rd",
        "City":"Miami Beach",
        "State":"FL",
        "Zipcode":33140,
        "Phone":3055377272,
        "lat": 25.814881,
        "lng": -80.140503
    },
    {
        "id":7,
        "Name": "Dr. Guillermo A. Santos, DO",
        "Speciality":"Family practice physician",
        "Street":"230 Park St",
        "City":"Miami",
        "State":"FL",
        "Zipcode":33166,
        "Phone": 3058882607,
        "lat": 25.821678,
        "lng": -80.284636
    },
    {
        "id":8,
        "Name": "Dr. Christopher J. Blanco, Certified",
        "Speciality":"Orthopedic surgeon",
        "Street":"7500 NW 25th St #112",
        "City":"Miami",
        "State":"FL",
        "Zipcode":33122,
        "Phone": 3052642632,
        "lat": 25.796884,
        "lng": -80.319444
    },
    {
        "id":9,
        "Name": "Dr Sonia Olivares",
        "Speciality":"Dentist",
        "Street":"8353 NW 36th St",
        "City":"Doral",
        "State":"FL",
        "Zipcode":33166,
        "Phone":  3056208272,
        "lat": 25.810450,
        "lng": -80.332538
    },
    {
        "id":10,
        "Name": "Dr. Jose Morgan, MD",
        "Speciality":"Internis",
        "Street":"3650 NW 82nd Ave ph502",
        "City":"Miami",
        "State":"FL",
        "Zipcode":33166,
        "Phone":  3055949333,
        "lat": 25.808442,
        "lng": -80.329900
    },
    {
        "id":11,
        "Name": "Dr. Wilson J. Lopez, MD",
        "Speciality":"Family practice physician",
        "Street":"4005 NW 114th Ave",
        "City":"Miami",
        "State":"FL",
        "Zipcode":33172,
        "Phone": 3055912988,
        "lat": 25.810677,
        "lng": -80.380610
    },
    {
        "id":12,
        "Name": "Dr. Edgar J. Zamora, MD",
        "Speciality":"Family practice physician",
        "Street":"7200 Corporate Center Dr",
        "City":"Miami",
        "State":"FL",
        "Zipcode":33126,
        "Phone": 3055949303,
        "lat": 25.791435,
        "lng": -80.313869
    },
    {
        "id":13,
        "Name": "Dr. Gamaliel G. Mattos, MD",
        "Speciality":"Family practice physician",
        "Street":"4001 NW 97th Ave #101",
        "City":"Doral",
        "State":"FL",
        "Zipcode":33178,
        "Phone": 3054182233,
        "lat": 25.809855,
        "lng": -80.353119
    },
    {
        "id":14,
        "Name": "Dr. Efren Buitrago",
        "Speciality":"Cardiologist",
        "Street":"3650 NW 82nd Ave Suite 208",
        "City":"Doral",
        "State":"FL",
        "Zipcode":33166,
        "Phone": 3055854564,
        "lat": 25.808697,
        "lng": -80.330650
    },
    {
        "id":15,
        "Name": "Dr. Mayra L. Zeno",
        "Speciality":"Neonatal physician",
        "Street":"6917 NW 77th Ave",
        "City":"Miami",
        "State":"FL",
        "Zipcode":33166,
        "Phone": 3058846359,
        "lat": 25.836551,
        "lng":-80.321349
    },
    {
        "id":16,
        "Name": "Dr. Delgado Francisco MD",
        "Speciality":"Family practice physician",
        "Street":"8260 W Flagler S",
        "City":"Miami",
        "State":"FL",
        "Zipcode":33144,
        "Phone": 3052232464,
        "lat": 25.769204,
        "lng": -80.329536
    },
    {
        "id":17,
        "Name": "Dr. Luis M. Campillo, MD",
        "Speciality":"Family practice physician",
        "Street":"6785 W Flagler St",
        "City":"Miami",
        "State":"FL",
        "Zipcode":33144,
        "Phone": 3055606040,
        "lat": 25.770764,
        "lng": -80.305625
    },
    {
        "id":18,
        "Name": "Dr. Danielle Nicolazzo",
        "Speciality":"Dermatologist",
        "Street":"3470 NW 82nd Ave #111",
        "City":"Doral",
        "State":"FL",
        "Zipcode":33122,
        "Phone": 7862722500,
        "lat": 25.806073,
        "lng": -80.330764
    },
    {
        "id":19,
        "Name": "Dr. Jorge A. De Diego, MD",
        "Speciality":"Pediatrician",
        "Street":"10820 NW 58th St",
        "City":"Doral",
        "State":"FL",
        "Zipcode":33178,
        "Phone": 3054777111,
        "lat": 25.825159,
        "lng": -80.372008
    },
    {
        "id":20,
        "Name": "Dr. Juan O. Otero MD",
        "Speciality":"Internist",
        "Street":"8212 W Flagler St",
        "City":"Miami",
        "State":"FL",
        "Zipcode":33144,
        "Phone": 3054447799,
        "lat":25.768980,
        "lng": -80.328570
    },
    {
        "id":21,
        "Name": "Dr. Jose I. Pradere, MD PA",
        "Speciality":"Pediatrician",
        "Street":"815 NW 57th Ave # 110",
        "City":"Miami",
        "State":"FL",
        "Zipcode":33126,
        "Phone":3058566371,
        "lat": 25.780020,
        "lng": -80.287888
    },
    {
        "id":22,
        "Name": "Dr. Jose M. Miranda-Valdes, MD",
        "Speciality":"Family practice physician",
        "Street":"1150 NW 72nd Ave",
        "City":"Miami",
        "State":"FL",
        "Zipcode":33126,
        "Phone":3055991990,
        "lat": 25.781800,
        "lng": -80.313110
    },
    {
        "id":23,
        "Name": "Dr. Marlon Pasquier",
        "Speciality":"Dentist",
        "Street":"7155 W Flagler St",
        "City":"Miami",
        "State":"FL",
        "Zipcode":33144,
        "Phone":7863389228,
        "lat": 25.770260,
        "lng": -80.310390
    },
    {
        "id":24,
        "Name": "Dr. Miguel J. Corona Olivares, MD",
        "Speciality":"Family practice physician",
        "Street":"7950 NW 2nd St",
        "City":"Miami",
        "State":"FL",
        "Zipcode":33126,
        "Phone":3056425366,
        "lat": 25.819460,
        "lng": -80.332849
    },
    {
        "id":25,
        "Name": "Dr. Rafael A. Peñalver Clinic",
        "Speciality":"Medical clinic",
        "Street":"971 NW 2nd St",
        "City":"Miami",
        "State":"FL",
        "Zipcode":33128,
        "Phone":3055852899,
        "lat": 25.776236,
        "lng": -80.210737
    },
    {
        "id":26,
        "Name": "Dr. Lucero M Rodriguez PA",
        "Speciality":"General Doctor",
        "Street":"10305 NW 41st St #202",
        "City":"Miami",
        "State":"FL",
        "Zipcode":33178,
        "Phone": 3057189800,
        "lat": 25.812274,
        "lng": -80.362646
    },
    {
        "id":27,
        "Name": "Dr. Rotter Alejandro H MD",
        "Speciality":"General Doctor",
        "Street":"9915 NW 41st St",
        "City":"Miami",
        "State":"FL",
        "Zipcode":33178,
        "Phone":3054777760,
        "lat": 25.812177,
        "lng": -80.357735
    },
    {
        "id":28,
        "Name": "Dr. Lara Wilfredo C MD",
        "Speciality":"General Doctor",
        "Street":"351 NW 42nd Ave #501",
        "City":"Miami",
        "State":"FL",
        "Zipcode":33126,
        "Phone": 3056438871,
        "lat": 25.775491,
        "lng": -80.263611
    },
    {
        "id":29,
        "Name": "Dr. Edward J. Hillman, MD",
        "Speciality":"Otolaryngology",
        "Street":"9915 NW 41st St",
        "City":"Doral",
        "State":"FL",
        "Zipcode":33178,
        "Phone": 3058229035,
        "lat": 25.812177,
        "lng": -80.357735
    },
    {
        "id":30,
        "Name": "Dr. Dr. Sergio Alvarez, MD",
        "Speciality":"Plastic surgeon",
        "Street":"10454 NW 31st Terrace",
        "City":"Miami",
        "State":"FL",
        "Zipcode":33172,
        "Phone": 3053304959,
        "lat": 25.802913,
        "lng": -80.366270
    },
    {
        "id":31,
        "Name": "Dr. George L. Herrera, MD",
        "Speciality":"Obstetrician-gynecologist",
        "Street":"9831 NW 58th St #149",
        "City":"Doral",
        "State":"FL",
        "Zipcode":33182,
        "Phone": 3055913005,
        "lat": 25.826636,
        "lng": -80.355686
    },
    {
        "id":32,
        "Name": "Dr. Rene F. Rodriguez, MD",
        "Speciality":"Orthopedic Surgery",
        "Street":"7950 NW 2nd St",
        "City":"Miami",
        "State":"FL",
        "Zipcode":33126,
        "Phone": 3056425366,
        "lat": 25.770996,
        "lng": -80.325169
    },
    {
        "id":33,
        "Name": "Dr.Kester J. Nedd, DO",
        "Speciality":"Neurologist",
        "Street":"8875 NW 23rd St",
        "City":"Doral",
        "State":"FL",
        "Zipcode":33172,
        "Phone": 3056535155,
        "lat": 25.795452,
        "lng": -80.340240
    },
    {
        "id":34,
        "Name": "Dr. Gladys Andrade",
        "Speciality":"Family practice physician",
        "Street":"61 S Hook Square",
        "City":"Miami Springs",
        "State":"FL",
        "Zipcode":33166,
        "Phone": 3058848880,
        "lat": 25.821179,
        "lng": -80.279933
    },
    {
        "id":35,
        "Name": "Dr. Dana Burke, DDS",
        "Speciality":"Dentistry",
        "Street":"8202 NW 70th St",
        "City":"Miami",
        "State":"FL",
        "Zipcode":33166,
        "Phone": 3054289202,
        "lat": 25.836793,
        "lng": -80.330310
    },
    {
        "id":36,
        "Name": "Dr. Basil Yates Md Pa",
        "Speciality":"Neurological Surgery",
        "Street":"232 Westward Dr",
        "City":"Miami Springs",
        "State":"FL",
        "Zipcode":33166,
        "Phone": 3058361940,
        "lat": 25.820860,
        "lng": -80.284895
    },
    {
        "id":37,
        "Name": "Dr. Daniel Bolet, MD",
        "Speciality":"Obstetrician-gynecologist",
        "Street":"8950 N Kendall Dr #302",
        "City":"Miami",
        "State":"FL",
        "Zipcode":33176,
        "Phone":3055954070,
        "lat": 25.683209,
        "lng": -80.340214
    },
    {
        "id":38,
        "Name": "Dr. Jose F. Bestard, MD",
        "Speciality":"Obstetrician-gynecologist",
        "Street":"8940 N Kendall Dr #804e",
        "City":"Miami",
        "State":"FL",
        "Zipcode":33176,
        "Phone":3052702331,
        "lat": 25.684928,
        "lng": -80.340896
    },
    {
        "id":39,
        "Name": "Dr. Amaryllis Pascual",
        "Speciality":"internal medicine",
        "Street":"8512 SW 8th St",
        "City":"Miami",
        "State":"FL",
        "Zipcode":33174,
        "Phone":3052628347,
        "lat": 25.761068,
        "lng": -80.334194
    },
    {
        "id":40,
        "Name": "Dr. Michael Pasternac",
        "Speciality":"Orthopedic surgeon",
        "Street":"9831 NW 58th St",
        "City":"Miami",
        "State":"FL",
        "Zipcode":33178,
        "Phone":3052216862,
        "lat": 25.826636,
        "lng": -80.355686
    },
    {
        "id":41,
        "Name": "Dr. Frank G. Kronberg, MD",
        "Speciality":"otolaryngology",
        "Street":"9915 NW 41st St",
        "City":"Doral",
        "State":"FL",
        "Zipcode":33178,
        "Phone":3058229035,
        "lat": 25.812177,
        "lng": -80.357735
    },
    {
        "id":42,
        "Name": "Dr. Lucy R. Gallegos",
        "Speciality":"Internist",
        "Street":"10725 NW 58th St",
        "City":"Doral",
        "State":"FL",
        "Zipcode":33178,
        "Phone":3056299644,
        "lat": 25.827481,
        "lng": -80.370432
    },
    {
        "id":43,
        "Name": "Dr. Coro Ramiro MD",
        "Speciality":"Medicine Specialist",
        "Street":"327 W 49th St",
        "City":"Hialeah",
        "State":"FL",
        "Zipcode":33012,
        "Phone":3055570909,
        "lat": 25.866968,
        "lng": -80.289425
    },
    {
        "id":44,
        "Name": "Dr. Ivette Felipe, MD",
        "Speciality":"Pediatrician",
        "Street":"1240 NW 119th St",
        "City":"Miami",
        "State":"FL",
        "Zipcode":33167,
        "Phone":3056855688,
        "lat": 25.883173,
        "lng": -80.219570
    },
    {
        "id":45,
        "Name": "Dr. Rousseau Roger MD",
        "Speciality":"psychiatrist",
        "Street":"7200 NW 7th St #310",
        "City":"Miami",
        "State":"FL",
        "Zipcode":33126,
        "Phone": 3055983082,
        "lat": 25.776605,
        "lng": -80.312911
    },
    {
        "id":46,
        "Name": "Dr. William J. Brown, MD",
        "Speciality":"otolaryngology",
        "Street":"9915 NW 41st St",
        "City":"Doral",
        "State":"FL",
        "Zipcode":33178,
        "Phone": 3058229035,
        "lat": 25.812177,
        "lng": -80.357735
    },
    {
        "id":47,
        "Name": "Dr. Ramon A. Urroz, MD",
        "Speciality":"Family practice physician",
        "Street":"8300 W Flagler St",
        "City":"Miami",
        "State":"FL",
        "Zipcode":33144,
        "Phone": 3055594599,
        "lat": 25.769061,
        "lng": -80.330145
    },
    {
        "id":48,
        "Name": "Feijoo Manuel V MD",
        "Speciality":"Orthopedic surgeon",
        "Street":"8370 SW 8th S",
        "City":"Miami",
        "State":"FL",
        "Zipcode":33144,
        "Phone": 3052657505,
        "lat": 25.761344,
        "lng": -80.330663

    },
    {
        "id":49,
        "Name": "Harry H. Intsiful, MD",
        "Speciality":"Plastic surgeon",
        "Street":" 8400 SW 8th St",
        "City":"Miami",
        "State":"FL",
        "Zipcode":33144,
        "Phone": 3055015020,
        "lat": 25.761710,
        "lng": -80.331801

    },
    {
        "id":50,
        "Name": "Dr. George L. Herrera, MD",
        "Speciality":"Obstetrician-gynecologist",
        "Street":"9831 NW 58th St #149",
        "City":"Doral",
        "State":"FL",
        "Zipcode":33178,
        "Phone": 3055913005,
        "lat": 25.826636,
        "lng": -80.355686

    },
    {
        "id":51,
        "Name": "Dr. Sergio Alvarez, MD",
        "Speciality":"Plastic surgeon",
        "Street":"10454 NW 31st Terrace",
        "City":"Miami",
        "State":"FL",
        "Zipcode":33172,
        "Phone": 3053304959,
        "lat": 25.802913,
        "lng": -80.366270

    },
    {
        "id":52,
        "Name": "Dr. Lourdes M. Landron-Garcia, MD",
        "Speciality":"Family practice physician",
        "Street":"8700 W Flagler St Suite 342",
        "City":"Miami",
        "State":"FL",
        "Zipcode":33174,
        "Phone":3054557454,
        "lat": 25.768547,
        "lng": -80.337494

    },
    {
        "id":53,
        "Name": "Dr. Rene F. Rodriguez, MD",
        "Speciality":"orthopedic surgeon",
        "Street":"7950 NW 2nd St",
        "City":"Miami",
        "State":"FL",
        "Zipcode":33126,
        "Phone": 3056425366,
        "lat": 25.770996,
        "lng": -80.325169

    },
    {
        "id":54,
        "Name": "Dr. Ramon A. Berenguer, MD",
        "Speciality":"Family practice physician",
        "Street":"7101 W Flagler St",
        "City":"Miami",
        "State":"FL",
        "Zipcode":33144,
        "Phone": 3055418849,
        "lat": 25.770528,
        "lng": -80.310774

    },
    {
        "id":55,
        "Name": "Dr. Gabriel Lazcano M.D.",
        "Speciality":"Ophthalmologist",
        "Street":"1661 SW 37th Ave",
        "City":"Miami",
        "State":"FL",
        "Zipcode":33145,
        "Phone": 3054434733,
        "lat": 25.755615,
        "lng": -80.254447

    },
    {
        "id":56,
        "Name": "Dr. Manuel A. Ojeda, MD",
        "Speciality":"Internist",
        "Street":"8260 W Flagler St",
        "City":"Miami",
        "State":"FL",
        "Zipcode":33144,
        "Phone": 3058615196,
        "lat": 25.769204,
        "lng": -80.329536

    },
    {
        "id":57,
        "Name": "Dr. Torres Ernesto V MD",
        "Speciality":"General Surgeon",
        "Street":"1450 NW 87th Ave",
        "City":"Doral",
        "State":"FL",
        "Zipcode":33172,
        "Phone": 9547700000,
        "lat": 25.787023,
        "lng": -80.337417

    },
    {
        "id":58,
        "Name": "Dr. Betty Bhudhikanok, MD",
        "Speciality":"Pediatrician",
        "Street":"7100 W Flagler St",
        "City":"Miami",
        "State":"FL",
        "Zipcode":33144,
        "Phone": 5184822053,
        "lat": 25.76995,
        "lng": -80.31115

    },
    {
        "id":59,
        "Name": "Dr. Steven Henriques, MD",
        "Speciality":"General Surgeon",
        "Street":"3641 S Miami Ave Ste 331",
        "City":"Miami",
        "State":"FL",
        "Zipcode":33133,
        "Phone": 3052855092,
        "lat": 25.74132,
        "lng": -80.21421

    },
    {
        "id":60,
        "Name": "Dr. Mauricio F. Herrera, MD",
        "Speciality":"Orthopedic surgeon",
        "Street":"747 Ponce de Leon Blvd Suite 505",
        "City":"Miami",
        "State":"FL",
        "Zipcode":33134,
        "Phone": 3055951317,
        "lat": 25.76485,
        "lng": -80.25829

    },
    {
        "id":61,
        "Name": "Dr.Carlos A. Ricotti, MD",
        "Speciality":"Dermatologist",
        "Street":"8700 W Flagler St STE 100",
        "City":"Miami",
        "State":"FL",
        "Zipcode":33174,
        "Phone":3057413376,
        "lat": 25.76829,
        "lng": -80.33744

    },
    {
        "id":62,
        "Name": "Dr.Hugo F Gonzalez , MD",
        "Speciality":"Internal Medicine",
        "Street":"3661 S Miami Ave #308",
        "City":"Miami",
        "State":"FL",
        "Zipcode":33133,
        "Phone":3058568669,
        "lat": 25.74016,
        "lng": -80.21405

    },
    {
        "id":63,
        "Name": "Dr. Yamilet Tirado, MD",
        "Speciality":"Pediatrician",
        "Street":"3100 SW 62nd Ave",
        "City":"Miami",
        "State":"FL",
        "Zipcode":33155,
        "Phone":7866243687,
        "lat": 25.74115,
        "lng": -80.29451

    },
    {
        "id":64,
        "Name": "Dr. Kaplan Lee D MD",
        "Speciality":"orthopedic surgeon",
        "Street":"1400 NW 12th Ave",
        "City":"Miami",
        "State":"FL",
        "Zipcode":33136,
        "Phone":3052433000,
        "lat": 25.78842,
        "lng": -80.21634

    },
    {
        "id":65,
        "Name": "Dr. Maria E. Amador, MD",
        "Speciality":"Pediatrician",
        "Street":"3805 W 20th Ave",
        "City":"Hialeah",
        "State":"FL",
        "Zipcode":33012,
        "Phone":3055572277,
        "lat": 25.85610,
        "lng": -80.32116

    },
    {
        "id":66,
        "Name": "Dr. Luis Rodriguez I, MD",
        "Speciality":"internist",
        "Street":"1611 NW 12th Ave # 233",
        "City":"Miami",
        "State":"FL",
        "Zipcode":33136,
        "Phone":3052434530,
        "lat": 25.79112,
        "lng": -80.21207

    },
    {
        "id":67,
        "Name": "Dr. Stephen Z Gervin  MD",
        "Speciality":"Neurological Surgery",
        "Street":"8323 NW 12th St",
        "City":"Doral",
        "State":"FL",
        "Zipcode":33126,
        "Phone": 7865176600,
        "lat": 25.78347,
        "lng":-80.33050

    },
    {
        "id":68,
        "Name": "Dr. Rober M Quencer MD",
        "Speciality":"radiologist",
        "Street":"1611 NW 12th Ave",
        "City":"Miami",
        "State":"FL",
        "Zipcode":33136,
        "Phone": 3052435512,
        "lat": 25.79167,
        "lng": -80.21260

    },
    {
        "id":69,
        "Name": "Dr. Juan Salazar MD",
        "Speciality":"general surgeon",
        "Street":" 6705 Red Rd Ste 504",
        "City":"Coral Gables",
        "State":"FL",
        "Zipcode":33143,
        "Phone": 3056697331,
        "lat": 25.70636,
        "lng": -80.28452

    },
    {
        "id":70,
        "Name": "Dr. Eisermann Juergen MD",
        "Speciality":"Fertility physician ",
        "Street":"7300 SW 62nd Pl #4",
        "City":"South Miami",
        "State":"FL",
        "Zipcode":33143,
        "Phone": 3056627901,
        "lat": 25.70282,
        "lng": -80.29515

    },
    {
        "id":71,
        "Name": "Dr. Pelayo Enrique MD",
        "Speciality":"internist",
        "Street":"8792 SW 8th St",
        "City":"Miami",
        "State":"FL",
        "Zipcode":33174,
        "Phone":3055546198,
        "lat": 25.76129,
        "lng": -80.33781

    },
    {
        "id":72,
        "Name": "Dr. Martinez Humberto O MD",
        "Speciality":"radiologist",
        "Street":"1611 NW 12th Ave # 279",
        "City":"Miami",
        "State":"FL",
        "Zipcode":33136,
        "Phone": 3052436165,
        "lat": 25.79167,
        "lng": -80.21260

    },
    {
        "id":73,
        "Name": "Dr. Barth Green, MD",
        "Speciality":"general surgeon",
        "Street":"1475 NW 12th Ave floor 1",
        "City":"Miami",
        "State":"FL",
        "Zipcode":33136,
        "Phone": 3052436946,
        "lat": 25.78853,
        "lng": -80.21401

    },
    {
        "id":74,
        "Name": "Dr. Shuman Mark MD",
        "Speciality":" forensic pathology",
        "Street":"1851 NW 10th Ave",
        "City":"Miami",
        "State":"FL",
        "Zipcode":33136,
        "Phone": 3055452400,
        "lat": 25.79375,
        "lng": -80.21046

    },
    {
        "id":75,
        "Name": "Dr. Sandee J. Bristow, MD",
        "Speciality":"pain medicine",
        "Street":"3661 S Miami Ave suite 906",
        "City":"Miami",
        "State":"FL",
        "Zipcode":33133,
        "Phone":3059745533,
        "lat":  25.74016,
        "lng": -80.21405

    },
    {
        "id":76,
        "Name": "American Pediatric Dental Group Doral",
        "Speciality":"Dentist",
        "Street":"7950 NW 53rd St STE 200",
        "City":"Miami",
        "State":"FL",
        "Zipcode":33166,
        "Phone":3057484999,
        "lat": 25.82118,
        "lng": -80.32686

    },
    {
        "id":77,
        "Name": "Dr. Francisco Flores, MD",
        "Speciality":"Dermatologist",
        "Street":"3700 W 12th Ave",
        "City":"Hialeah",
        "State":"FL",
        "Zipcode":33012,
        "Phone":3054877050,
        "lat": 25.85565,
        "lng":-80.30700

    },
    {
        "id":78,
        "Name": "Dr. Santiago M. De Solo, MD",
        "Speciality":"rheumatologist",
        "Street":"7190 SW 87th Ave",
        "City":"Miami",
        "State":"FL",
        "Zipcode":33173,
        "Phone": 3056612299,
        "lat": 25.70298,
        "lng": -80.33462

    },
    {
        "id":79,
        "Name": "Dr. Gomez Emilio J MD",
        "Speciality":"Nephrologist",
        "Street":"9193 SW 72nd St suite 20",
        "City":"Miami",
        "State":"FL",
        "Zipcode":33173,
        "Phone": 3052739377,
        "lat": 25.70248,
        "lng": -80.34133

    },
    {
        "id":80,
        "Name": "Dr. Iribarren Teresa MD",
        "Speciality":"internist",
        "Street":"12955 SW 42nd St STE 12",
        "City":"Miami",
        "State":"FL",
        "Zipcode":33175,
        "Phone": 3052265106,
        "lat": 25.73000,
        "lng": -80.40498

    },
    {
        "id":81,
        "Name": "Dr. Joseph Lamelas, MD",
        "Speciality":"internist",
        "Street":"1295 NW 14th St suite h",
        "City":"Miami",
        "State":"FL",
        "Zipcode":33125,
        "Phone": 3056892784,
        "lat":  25.78777,
        "lng": -80.21615

    },
    {
        "id":82,
        "Name": "Dr. Javier Perez-Fernandez, MD",
        "Speciality":"Pulmonologist",
        "Street":"7000 SW 62nd Ave #201a",
        "City":"Miami",
        "State":"FL",
        "Zipcode":33143,
        "Phone": 3056619404,
        "lat": 25.70572,
        "lng": -80.29366

    },
    {
        "id":83,
        "Name": "Dr. Juan A. Cruz, MD",
        "Speciality":"internist",
        "Street":"10820 NW 58th St",
        "City":"Doral",
        "State":"FL",
        "Zipcode":33178,
        "Phone": 3054777111,
        "lat": 25.82548,
        "lng": -80.37193

    },
    {
        "id":84,
        "Name": "Dr. Esquenazi Alberto B MD",
        "Speciality":"Nephrologist",
        "Street":"7900 SW 57th Ave #21",
        "City":"South Miami",
        "State":"FL",
        "Zipcode":33143,
        "Phone":3056623984,
        "lat": 25.69767,
        "lng": -80.28548

    },
    {
        "id":85,
        "Name": "Dr. Francisco G. Tudela Jr, MD",
        "Speciality":"Obstetrician-gynecologist",
        "Street":"11760 SW 40th St",
        "City":"Miami",
        "State":"FL",
        "Zipcode":33175,
        "Phone": 3055598787,
        "lat": 25.73192,
        "lng": -80.38632

    },
    {
        "id":86,
        "Name": "Dr. Esquenazi Marcos B MD",
        "Speciality":"Nephrologist",
        "Street":"7900 SW 57th Ave #21",
        "City":"South Miami",
        "State":"FL",
        "Zipcode":33143,
        "Phone":3056623984,
        "lat": 25.69767,
        "lng": -80.28548

    },
    {
        "id":87,
        "Name": "Dr. Roura Samuel MD",
        "Speciality":"Psychiatrist",
        "Street":"10621 N Kendall Dr",
        "City":"Miami",
        "State":"FL",
        "Zipcode":33143,
        "Phone":3059699016,
        "lat": 25.68756,
        "lng": -80.36417

    },
    {
        "id":88,
        "Name": "Blanca N. Gonzalez, MD",
        "Speciality":"Family practice physician",
        "Street":"1435 W 49th Pl #701",
        "City":"Hialeah",
        "State":"FL",
        "Zipcode":33012,
        "Phone":7862187863,
        "lat": 25.86738,
        "lng": -80.31103

    },
    {
        "id":89,
        "Name": "Dr. Tabitha Tucker, DDS",
        "Speciality":"Dentist",
        "Street":"777 NW 72nd Ave",
        "City":"Miami",
        "State":"FL",
        "Zipcode":33126,
        "Phone":7866529842,
        "lat": 25.77851,
        "lng": -80.30997

    },
    {
        "id":90,
        "Name": "Dr. Crocco Elizabeth A MD",
        "Speciality":"Psychiatrist",
        "Street":"1695 NW 9th Ave",
        "City":"Miami",
        "State":"FL",
        "Zipcode":33136,
        "Phone":3053559105,
        "lat": 25.79072,
        "lng": -80.20949

    },
    {
        "id":91,
        "Name": "Dr. Michael A. Weitz, MD",
        "Speciality":"heumatologist",
        "Street":"7190 SW 87th Ave",
        "City":"Miami",
        "State":"FL",
        "Zipcode":33173,
        "Phone": 3056612299,
        "lat": 25.70298,
        "lng": -80.33462

    },
    {
        "id":92,
        "Name": "Dr. Alicia B. Cayon, DMD, P.A",
        "Speciality":"Dentist",
        "Street":"8370 W Flagler St STE 150",
        "City":"Miami",
        "State":"FL",
        "Zipcode":33144,
        "Phone":7864384521,
        "lat": 25.76931,
        "lng": -80.33150

    },
    {
        "id":93,
        "Name": "Dr. Madeline D. Castro, MD",
        "Speciality":"internist",
        "Street":"10725 NW 58th St C 7",
        "City":"Doral",
        "State":"FL",
        "Zipcode":33178,
        "Phone":3056299644,
        "lat": 25.82739,
        "lng": -80.37037

    },
    {
        "id":94,
        "Name": "Dr. Felix A. Rodriguez, MD",
        "Speciality":"Oncologist",
        "Street":"1840 W 49th St",
        "City":"Hialeah",
        "State":"FL",
        "Zipcode":33012,
        "Phone": 3052318996,
        "lat": 25.86591,
        "lng": -80.31974

    },
    {
        "id":95,
        "Name": "Dr. Rekha P. Kini, MD",
        "Speciality":"internist",
        "Street":"10725 NW 58th St",
        "City":"Doral",
        "State":"FL",
        "Zipcode":33178,
        "Phone": 3056299644,
        "lat": 25.82739,
        "lng":-80.37037

    },
    {
        "id":96,
        "Name": "Dr. Marraccini John V MD",
        "Speciality":"internist",
        "Street":"6280 Sunset Dr # 407",
        "City":"South Miami",
        "State":"FL",
        "Zipcode":33143,
        "Phone": 3056668858,
        "lat": 25.70346,
        "lng": -80.29518

    },
    {
        "id":97,
        "Name": "Dr. Roberto Carpio, MD",
        "Speciality":"Pediatrician",
        "Street":"4125 W 20th Ave",
        "City":"Hialeah",
        "State":"FL",
        "Zipcode":33012,
        "Phone": 3054243120,
        "lat": 25.85921,
        "lng":  -80.32187

    },
    {
        "id":98,
        "Name": "Dr. Hasan Anthony MD",
        "Speciality":"plastic surgeon",
        "Street":"8501 SW 124th Ave #112",
        "City":"Miami",
        "State":"FL",
        "Zipcode":33183,
        "Phone": 3052736001,
        "lat":25.65505,
        "lng": -80.33178

    },
    {
        "id":99,
        "Name": "Dr. Johanny Caceres MD",
        "Speciality":"oral & facial surgeon",
        "Street":"3860 SW 8th St #201",
        "City":"Coral Gables",
        "State":"FL",
        "Zipcode":33134,
        "Phone": 3055521193,
        "lat": 25.76435,
        "lng": -80.25848

    },
    {
        "id":100,
        "Name": "Dr. Enrique Krikorian, MD",
        "Speciality":"orthopedic surgery",
        "Street":"7100 W 20th Ave",
        "City":"Hialeah",
        "State":"FL",
        "Zipcode": 33016,
        "Phone":  3058220401,
        "lat": 25.88627,
        "lng": -80.32592

    },
    {
        "id":101,
        "Name": "Dr. John E Zvijac, MD",
        "Speciality":"Orthopedic surgeon",
        "Street":"1150 Campo Sano Ave 3rd Floor",
        "City":"Coral Gables",
        "State":"FL",
        "Zipcode": 33146,
        "Phone": 7862686200,
        "lat": 25.72460,
        "lng": -80.27418

    },
    {
        "id":102,
        "Name": "Dr. Jila Senemar, MD",
        "Speciality":"Orthopedic surgeon",
        "Street":"7800 SW 87th Ave",
        "City":"Miami",
        "State":"FL",
        "Zipcode": 33173,
        "Phone": 3054126004,
        "lat": 25.69653,
        "lng": -80.33493

    },
    {
        "id":103,
        "Name": "Dr. Carlos Santiago, MD",
        "Speciality":"general surgeon",
        "Street":"6705 Red Rd Ste 504",
        "City":"Coral Gables",
        "State":"FL",
        "Zipcode": 33143,
        "Phone": 3056697331,
        "lat": 25.70636,
        "lng": -80.28452

    },
    {
        "id":104,
        "Name": "Dr. Joseph L. Esposito, MD",
        "Speciality":"Urologist",
        "Street":"8501 SW 124th Ave Suite 112",
        "City":"Miami",
        "State":"FL",
        "Zipcode": 33183,
        "Phone": 3054484431,
        "lat": 25.68888,
        "lng": -80.39097
    },
    {
        "id":105,
        "Name": "Dr. Michele Saverin, DMD",
        "Speciality":"Pediatric Dentistry",
        "Street":"3601 NW 107th Ave",
        "City":"Miami",
        "State":"FL",
        "Zipcode": 33178,
        "Phone":  7866243368,
        "lat": 25.80743,
        "lng": -80.36841
    },
    {
        "id":106,
        "Name": "Dr. John E Zvijac, MD",
        "Speciality":"Pediatric Dentistry",
        "Street":"1150 Campo Sano Ave 3rd Floor",
        "City":"Coral Gables",
        "State":"FL",
        "Zipcode": 33146,
        "Phone":  7862686200,
        "lat": 25.72460,
        "lng": -80.27418
    },
    {
        "id":107,
        "Name": "Dr. Jila Senemar, MD",
        "Speciality":"Pediatric Dentistry",
        "Street":"7800 SW 87th Ave",
        "City":"Miami",
        "State":"FL",
        "Zipcode": 33173,
        "Phone":  3054126004,
        "lat": 25.69653,
        "lng": -80.33493
    },
    {
        "id":108,
        "Name": "Dr. Karen Salazar Valdes",
        "Speciality":"Obstetrician-gynecologist",
        "Street":"7800 SW 87th Ave",
        "City":"Miami",
        "State":"FL",
        "Zipcode": 33173,
        "Phone":  3054126004,
        "lat": 25.69653,
        "lng": -80.33493
    },
    {
        "id":109,
        "Name": "Dr. Lozada Carlos J MD",
        "Speciality":"Obstetrician-gynecologist",
        "Street":"1120 NW 14th St",
        "City":"Miami",
        "State":"FL",
        "Zipcode": 33136,
        "Phone":  3052434562,
        "lat": 25.78738,
        "lng": -80.21290
    },
    {
        "id":110,
        "Name": "Dr. George C. Diaz, MD",
        "Speciality":"Neurologist",
        "Street":"4302 Alton Rd Suite 330",
        "City":"Miami Beach",
        "State":"FL",
        "Zipcode": 33140,
        "Phone": 3055322464,
        "lat": 25.81595,
        "lng": -80.13770
    },
    {
        "id":111,
        "Name": "Dr. Pittack Junior MD",
        "Speciality":"psychiatrist",
        "Street":"4175 W 20th Ave",
        "City":"Hialeah",
        "State":"FL",
        "Zipcode": 33012,
        "Phone": 3058250300,
        "lat": 25.85974,
        "lng": -80.32165
    },
    {
        "id":112,
        "Name": "Dr. Silvia Rotemberg",
        "Speciality":"Plastic Surgery",
        "Street":"7000 SW 62nd Ave PH B",
        "City":"South Miami",
        "State":"FL",
        "Zipcode": 33143,
        "Phone": 3058250300,
        "lat": 25.70554,
        "lng": -80.29347
    },
    {
        "id":113,
        "Name": "Dr. Steven J. Price, MD",
        "Speciality":"Gastroenterologist",
        "Street":"9060 SW 73rd Ct",
        "City":"Miami",
        "State":"FL",
        "Zipcode": 33156,
        "Phone": 3053254888,
        "lat": 25.68651,
        "lng": -80.31448
    },
    {
        "id":114,
        "Name": "Dr. Bhatia Rita G MD",
        "Speciality":"Radiologist",
        "Street":"1611 NW 12th Ave",
        "City":"Miami",
        "State":"FL",
        "Zipcode": 33136,
        "Phone": 3052436165,
        "lat": 25.79167,
        "lng": -80.21260
    },
    {
        "id":115,
        "Name": "Dr. Braulio Sabates MD",
        "Speciality":"general surgeon",
        "Street":"6705 Red Rd Ste 504",
        "City":"Coral Gables",
        "State":"FL",
        "Zipcode": 33143,
        "Phone":3056697331,
        "lat": 25.70758,
        "lng": -80.28548
    },
    {
        "id":116,
        "Name": "Dr. David Chen MD",
        "Speciality":"Hand surgeon",
        "Street":"900 NW 17th St ground floor suite 10a",
        "City":"Miami",
        "State":"FL",
        "Zipcode": 33136,
        "Phone": 3053266590,
        "lat": 25.79139,
        "lng": -80.21021
    },
    {
        "id":117,
        "Name": "Dr. Alexander Van der Ven, MD",
        "Speciality":"Orthopedic surgeon",
        "Street":"1150 Campo Sano Ave 2nd Floor",
        "City":"Coral Gables",
        "State":"FL",
        "Zipcode": 33146,
        "Phone": 7862686200,
        "lat": 25.72460,
        "lng": -80.27418
    },
    {
        "id":118,
        "Name": "Dr. Munera Felipe MD",
        "Speciality":"Radiologist",
        "Street":"1611 NW 12th Ave # Ww 279",
        "City":"Miami",
        "State":"FL",
        "Zipcode": 33136,
        "Phone": 3052436165,
        "lat": 25.79112,
        "lng":-80.21207
    },
    {
        "id":119,
        "Name": "Dr. Virgilio Sanchez Jr., MD",
        "Speciality":"Radiologist",
        "Street":"3099 SW 8th St",
        "City":"Miami",
        "State":"FL",
        "Zipcode": 33135,
        "Phone": 3056443100,
        "lat": 25.76525,
        "lng":-80.24463
    },
    {
        "id":120,
        "Name": "Dr. Oeltjen John C MD",
        "Speciality":"Plastic surgeon",
        "Street":"550 Biltmore Way #120",
        "City":"Miami",
        "State":"FL",
        "Zipcode": 33134,
        "Phone": 3056443100,
        "lat": 25.74821,
        "lng":-80.26642
    },
    {
        "id":121,
        "Name": "Dr. Amar D. Rajadhyaksha, MD",
        "Speciality":"Plastic surgeon",
        "Street":"747 Ponce de Leon Blvd Suite 505",
        "City":"Coral Gables",
        "State":"FL",
        "Zipcode": 33134,
        "Phone": 3055951317,
        "lat":  25.76483,
        "lng":-80.25828
    },
    {
        "id":122,
        "Name": "Dr. Phyllis Skolnik MD PA",
        "Speciality":"dermatologist",
        "Street":"8720 N Kendall Dr #118",
        "City":"Miami",
        "State":"FL",
        "Zipcode": 33176,
        "Phone": 3056618978,
        "lat":  25.68892,
        "lng":-80.30417
    },
    {
        "id":123,
        "Name": "Dr. Pinon Avelino MD",
        "Speciality":"dermatologist",
        "Street":"7400 SW 87th Ave #240",
        "City":"Miami",
        "State":"FL",
        "Zipcode": 33173,
        "Phone": 3052706000,
        "lat":  25.76225,
        "lng":-80.33625
    },
    {
        "id":124,
        "Name": "Dr. Jason I. Altman, M.D",
        "Speciality":"plastic surgeon",
        "Street":"550 Biltmore Way",
        "City":"Coral Gables",
        "State":"FL",
        "Zipcode": 33134,
        "Phone": 3054467700,
        "lat":  25.74795,
        "lng":-80.26599
    },
    {
        "id":125,
        "Name": "Dr. Fernandez Noel De Jes MD",
        "Speciality":"plastic surgeon",
        "Street":"4175 W 20th Ave",
        "City":"Hialeah",
        "State":"FL",
        "Zipcode": 33012,
        "Phone": 3054467700,
        "lat":  25.85974,
        "lng":-80.32165
    },
    {
        "id":126,
        "Name": "Dr. Fernando Collado-Mesa, MD",
        "Speciality":"plastic surgeon",
        "Street":"1475 NW 12th Ave",
        "City":"Miami",
        "State":"FL",
        "Zipcode": 33136,
        "Phone": 3052435512,
        "lat":  25.78853,
        "lng":-80.21401
    },
    {
        "id":127,
        "Name": "Dr. Jose A. Soler-Baillo, MD",
        "Speciality":"Family practice physician",
        "Street":"3499 W 4th Ave",
        "City":"Hialeah",
        "State":"FL",
        "Zipcode": 33012,
        "Phone": 3058847808,
        "lat":  25.853440,
        "lng":-80.289990
    },
    {
        "id":128,
        "Name": "Dr. Louis A Fernandez, MD",
        "Speciality":"Cardiologist",
        "Street":"2301 NW 87th Ave #502",
        "City":"Doral",
        "State":"FL",
        "Zipcode": 33172,
        "Phone": 3058847808,
        "lat":  25.795190,
        "lng":-80.336940
    },
    {
        "id":129,
        "Name": "Dr. Thomas Weiss, M.D., P.A.",
        "Speciality":"Ophthalmologist",
        "Street":"4302 Alton Rd #1000",
        "City":"Miami Beach",
        "State":"FL",
        "Zipcode": 33140,
        "Phone": 3058517566,
        "lat": 25.815980,
        "lng":-80.137710
    },
    {
        "id":130,
        "Name": "Dr. Antonio Ucar, MD",
        "Speciality":"Oncologist",
        "Street":"8900 N Kendall Dr",
        "City":"Miami",
        "State":"FL",
        "Zipcode": 33176,
        "Phone": 7865962000,
        "lat": 25.684410,
        "lng":-80.338951
    },
    {
        "id":131,
        "Name": "Dr. Ariol Labrada MD PA",
        "Speciality":"Neurologist",
        "Street":" 3650 NW 82nd Ave Suite: 203",
        "City":"Doral",
        "State":"FL",
        "Zipcode": 33166,
        "Phone": 7867037068,
        "lat": 25.824380,
        "lng":-80.329740
    },
    {
        "id":134,
        "Name": "Dr. Carlos Spera MD",
        "Speciality":"Plastic surgeon",
        "Street":"1840 W 49th St STE 411",
        "City":"Hialeah",
        "State":"FL",
        "Zipcode": 33012,
        "Phone": 3056980070,
        "lat": 25.86591,
        "lng":-80.31974
    },
    {
        "id":135,
        "Name": "Dr. Carlos Lozada, MD",
        "Speciality":"Plastic surgeon",
        "Street":"1475 NW 12th Ave floor 1",
        "City":"Miami",
        "State":"FL",
        "Zipcode": 33136,
        "Phone": 3052437545,
        "lat": 25.78880,
        "lng": -80.21458
    },
    {
        "id":136,
        "Name": "Dr. Gerardo L Beauchamp DDS",
        "Speciality":"Dentist",
        "Street":"9593 NW 41st St",
        "City":"Doral",
        "State":"FL",
        "Zipcode": 33178,
        "Phone": 3052437545,
        "lat": 25.81266,
        "lng":-80.35219
    },
    {
        "id":137,
        "Name": "Dr. Brenda Acosta MD",
        "Speciality":"Endocrinologist",
        "Street":"3901 NW 79th Ave STE 222",
        "City":"Doral",
        "State":"FL",
        "Zipcode": 33166,
        "Phone": 7868458989,
        "lat": 25.80941,
        "lng":-80.32531
    },
    {
        "id":138,
        "Name": "Dental Specialists of Doral Group",
        "Speciality":"Dentist",
        "Street":"10666 Fontainebleau Blvd",
        "City":"Miami",
        "State":"FL",
        "Zipcode": 33172,
        "Phone": 3052437545,
        "lat": 25.77565,
        "lng":-80.36894
    },
    {
        "id":139,
        "Name": "Loop Dental & Orthodontics Doral",
        "Speciality":"Dentist",
        "Street":"7902 NW 36th St #209",
        "City":"Doral",
        "State":"FL",
        "Zipcode": 33166,
        "Phone": 3054777655,
        "lat": 25.80922,
        "lng":-80.32534
    },
    {
        "id":140,
        "Name": "Dr. Melanie Iglesias, MD",
        "Speciality":"Pediatrician",
        "Street":"9655 NW 41st St",
        "City":"Doral",
        "State":"FL",
        "Zipcode": 33178,
        "Phone": 3054361563,
        "lat": 25.8123,
        "lng":-80.35227
    },
    {
        "id":141,
        "Name": "Doral Pediatric Dentistry",
        "Speciality":"Pediatric dentist",
        "Street":"10717 NW 58th S",
        "City":"Doral",
        "State":"FL",
        "Zipcode": 33178,
        "Phone": 3055134058,
        "lat": 25.82775,
        "lng":-80.37037
    },
    {
        "id":142,
        "Name": "Dr. Sharon Acosta, MD",
        "Speciality":"Pediatrician",
        "Street":"9655 NW 41st St",
        "City":"Doral",
        "State":"FL",
        "Zipcode": 33178,
        "Phone": 3054361563,
        "lat": 25.81234,
        "lng":-80.35227
    },
    {
        "id":143,
        "Name": "Pediatric Associates Miami Beach",
        "Speciality":"Pediatrician",
        "Street":"4308 Alton Rd #910",
        "City":"Miami Beach",
        "State":"FL",
        "Zipcode": 33140,
        "Phone": 3055323378,
        "lat": 25.81536,
        "lng":-80.13773
    },
    {
        "id":144,
        "Name": "Fontainebleau Dentistry",
        "Speciality":"Pediatrician",
        "Street":"9971 W Flagler St Ste 220",
        "City":"Miami",
        "State":"FL",
        "Zipcode": 33174,
        "Phone": 7864183074,
        "lat": 25.77365,
        "lng":-80.21083
    },
    {
        "id":145,
        "Name": "Comprehensive Vascular Care",
        "Speciality":"Cardiologist",
        "Street":"8247 NW 36th St",
        "City":"Doral",
        "State":"FL",
        "Zipcode": 33166,
        "Phone": 3054324218,
        "lat": 25.80988,
        "lng":-80.33046
    },
    {
        "id":146,
        "Name": "West Kendall OBGYN",
        "Speciality":"Obstetrician-gynecologist",
        "Street":"3155 NW 82nd Ave STE 202",
        "City":"Doral",
        "State":"FL",
        "Zipcode": 33122,
        "Phone": 3052043449,
        "lat": 25.80308,
        "lng":-80.32874
    },
    {
        "id":147,
        "Name": "Dr. Carolina Bautista Vallderuten, MD",
        "Speciality":"Pediatrician",
        "Street":"9655 NW 41st St",
        "City":"Doral",
        "State":"FL",
        "Zipcode": 33178,
        "Phone": 3054361563,
        "lat": 25.81234,
        "lng":-80.35227
    },
    {
        "id":148,
        "Name": "Dr. MariaInes Apolo D.P.M.",
        "Speciality":"Podiatrist",
        "Street":"8339 NW 12th St",
        "City":"Doral",
        "State":"FL",
        "Zipcode": 33126,
        "Phone": 3056444900,
        "lat": 25.78346,
        "lng":-80.33112
    },
    {
        "id":149,
        "Name": "Dr. Arana Julian MD",
        "Speciality":"Internist",
        "Street":"1905 W 35th St #105",
        "City":"Hialeah",
        "State":"FL",
        "Zipcode": 33012,
        "Phone": 7864645555,
        "lat": 25.85383,
        "lng":-80.32011
    }
]